{"cameraMode":{"drawMode":0,"name":"Shaded","section":"Shading Mode"},"sceneLighting":true,"audioPlay":false,"sceneViewState":{"m_AlwaysRefresh":false,"showFog":true,"showSkybox":true,"showFlares":true,"showImageEffects":true,"showParticleSystems":true,"showVisualEffectGraphs":true,"m_FxEnabled":true},"in2DMode":false,"pivot":{"x":5.3126678466796879,"y":50.22637176513672,"z":22.678234100341798},"rotation":{"x":0.25254541635513308,"y":-0.002907376503571868,"z":0.0007573087932541966,"w":0.9675883054733276},"size":16.01981544494629,"orthographic":false}