{"cameraMode":{"drawMode":0,"name":"Shaded","section":"Shading Mode"},"sceneLighting":true,"audioPlay":false,"sceneViewState":{"m_AlwaysRefresh":false,"showFog":true,"showSkybox":true,"showFlares":true,"showImageEffects":true,"showParticleSystems":true,"showVisualEffectGraphs":true,"m_FxEnabled":true},"in2DMode":false,"pivot":{"x":10.759203910827637,"y":4.945881366729736,"z":9.288825988769532},"rotation":{"x":0.3693445324897766,"y":-0.08070334792137146,"z":0.032217174768447879,"w":0.9252309799194336},"size":4.885696887969971,"orthographic":false}